Symbol,Type,Strike,Exp Date,MidPrice
NVDA,Call,235.00,2026-09-04,0.2050
GOOGL,Call,410.00,2026-10-16,0.9400
NVDA,Call,225.00,2026-09-04,1.5350
INTC,Call,120.00,2026-09-18,0.1650
CRCL,Put,80.00,2026-09-04,0.1200
NVDA,Put,215.00,2026-11-20,11.5250
AVGO,Call,370.00,2026-09-04,15.4000
SPCX,Call,150.00,2026-09-18,3.7750
WBD,Put,25.00,2026-10-16,0.2250
BP,Call,45.00,2026-09-18,0.4400
CG,Call,52.50,2026-09-18,0.3500
BE,Call,210.00,2026-09-18,13.3500
NVDA,Call,250.00,2026-10-16,1.9000
PATH,Call,15.00,2027-01-15,5.3000
WULF,Call,16.00,2026-09-18,0.7250
SPCX,Put,120.00,2026-09-18,0.5900
AAPL,Call,325.00,2026-09-18,3.8500
IREN,Put,35.00,2026-12-18,5.5250
AMZN,Call,280.00,2026-12-18,12.6500
AMZN,Call,300.00,2026-09-18,0.1550
NKE,Call,39.00,2026-09-04,0.4050
PG,Call,155.00,2026-09-18,0.1100
DINO,Call,100.00,2026-09-18,5.3000
NVDA,Call,210.00,2026-11-20,22.0250
NOK,Call,20.00,2027-01-15,0.1550
INTC,Call,95.00,2026-09-25,3.1200
MSTR,Call,147.00,2026-09-04,1.0000
NKE,Call,40.00,2026-09-18,0.6000
RKT,Call,15.00,2026-09-18,0.1400
RKT,Call,15.00,2026-10-16,0.4150
AAPL,Call,310.00,2026-09-04,7.9000
AAPL,Call,320.00,2026-09-18,5.6750
MSTR,Call,148.00,2026-09-04,0.8550
GM,Call,90.00,2026-09-18,0.9650
SBET,Call,10.00,2027-01-15,1.2100
MSFT,Call,510.00,2026-09-18,9.9000
AMZN,Call,265.00,2026-09-18,4.4000
PBF,Call,80.00,2026-09-18,1.8750
CLSK,Call,12.00,2026-09-18,0.6250
FLEX,Put,105.00,2026-09-18,3.5500
AAL,Put,12.00,2026-09-18,0.1050
ONDS,Put,9.00,2026-09-04,1.3650
DKNG,Call,25.00,2026-09-18,0.7700
META,Call,600.00,2026-09-18,7.2750
AMZN,Call,260.00,2026-09-18,6.6750
AMZN,Call,295.00,2026-09-18,0.2500
FCX,Call,75.00,2026-09-18,3.4750
SLB,Call,57.50,2026-10-16,4.5000
MSFT,Call,510.00,2026-09-04,4.5250
GOOG,Call,365.00,2026-09-18,1.1100
COIN,Call,240.00,2027-12-17,48.8250
AU,Call,100.00,2028-01-21,34.5000
AAPL,Put,295.00,2026-10-16,3.0300
ORCL,Call,170.00,2026-09-18,3.6250
SPCX,Put,130.00,2026-09-04,0.2350
ONDS,Call,30.00,2028-01-21,0.8300
NVDA,Call,255.00,2026-09-25,0.3500
ORCL,Call,160.00,2026-09-18,6.0500
GOOG,Call,350.00,2026-09-18,2.8650
PFE,Call,28.00,2026-09-18,0.9150
SKHY,Put,144.00,2026-09-11,0.9500
INTC,Call,105.00,2026-10-16,2.6950
BMNR,Call,28.00,2026-09-18,0.8450
NVDA,Put,210.00,2026-09-11,1.2500
IREN,Call,50.00,2027-01-15,4.1500
ET,Call,20.00,2027-01-15,1.9600
NVDA,Call,240.00,2026-09-09,0.1600
NVDA,Put,200.00,2026-10-02,1.8000
AI,Call,10.50,2026-09-04,0.8950
AI,Call,11.00,2026-09-04,0.6400
AMZN,Call,295.00,2026-11-20,6.3250
SMCI,Call,38.50,2026-09-04,0.7450
SMCI,Call,41.00,2026-09-04,0.2350
AMZN,Call,350.00,2026-11-20,0.9400
MRVL,Put,165.00,2026-10-16,2.3700
NVDA,Call,237.50,2026-09-04,0.1350
CVX,Call,225.00,2026-09-11,0.1600
WULF,Call,18.00,2026-10-16,0.8450
MARA,Call,11.00,2026-09-04,0.3050
NVDA,Call,200.00,2027-01-15,32.8500
MSTR,Call,137.00,2026-09-04,2.8700
NVDA,Put,207.50,2026-09-04,0.2750
MSFT,Call,545.00,2026-10-16,6.1500
INTC,Call,110.00,2026-10-02,1.1350
NVDA,Call,230.00,2026-09-04,0.5500
MSTR,Call,136.00,2026-09-04,3.2750
PCG,Put,14.00,2026-09-04,0.8200
MARA,Call,11.50,2026-09-04,0.1500
NVDA,Call,222.50,2026-09-04,2.4100
HL,Put,10.00,2028-01-21,0.8800
SMCI,Call,39.00,2026-09-04,0.6050
NVDA,Call,227.50,2026-09-04,0.9150
XOM,Call,175.00,2026-09-11,0.1700
MSTR,Call,130.00,2026-09-04,6.0500
CIFR,Put,15.00,2026-09-04,0.4050
PBR,Call,19.00,2026-09-18,0.7650
SMCI,Call,41.50,2026-09-04,0.1850
PCG,Put,15.00,2026-10-16,2.0500
RIOT,Put,18.50,2026-09-04,0.4250
RSI,Call,25.00,2026-10-16,1.8750
NVDA,Call,240.00,2026-10-16,3.6000
SONY,Call,25.00,2026-12-18,1.6750
PYPL,Call,55.00,2026-09-04,0.1750
MSTR,Call,131.00,2026-09-04,5.4750
MARA,Put,10.00,2026-09-18,0.4150
S,Call,20.00,2027-03-19,4.8000
COIN,Call,200.00,2026-09-04,2.0300
MSTR,Call,142.00,2026-09-04,1.6550
SKHY,Put,157.50,2026-09-18,5.6000
NVDA,Call,220.00,2026-09-04,3.5000
NVDA,Call,232.50,2026-09-04,0.3400
HOOD,Call,109.00,2026-09-04,1.4150
NKE,Call,40.00,2026-10-16,1.9000
MSTR,Call,143.00,2026-09-04,1.5000
AMZN,Call,285.00,2026-10-02,1.7650
NVDA,Put,215.00,2026-09-04,1.1350
FAST,Put,50.00,2026-10-16,2.3500
NKE,Call,40.00,2026-09-04,0.1550
AMZN,Call,277.50,2026-09-04,0.1350
GME,Call,18.00,2026-09-04,0.5700
ET,Call,37.00,2028-12-15,0.2950
GPRE,Call,15.00,2026-09-18,0.4750
HOOD,Call,114.00,2026-09-04,0.5350
MRNA,Call,139.00,2026-09-04,6.2250
F,Put,13.00,2026-11-20,0.4950
AAPL,Call,350.00,2026-09-18,0.3350
PLTR,Call,190.00,2026-09-04,2.4450
INTC,Call,115.00,2026-10-09,1.0400
DAR,Call,65.00,2026-09-18,3.1000
PLTR,Call,192.50,2026-09-04,1.6700
SPCX,Call,145.00,2026-09-04,2.6550
AMZN,Call,270.00,2026-09-04,0.5050
NVDA,Call,240.00,2026-09-04,0.0950
NVDA,Put,195.00,2026-10-16,2.1800
NVDA,Call,230.00,2026-09-11,1.4450
NVDA,Call,230.00,2026-09-02,0.1350
NVDA,Put,190.00,2026-10-02,0.9950
IREN,Call,70.00,2027-01-15,1.8050
TSLA,Call,360.00,2026-09-04,12.3250
ACMR,Call,80.00,2026-09-04,0.7000
BMNR,Call,30.00,2026-11-20,2.3550
TSLA,Call,370.00,2026-09-04,6.6250
MSTR,Call,139.00,2026-09-04,2.3250
SPCX,Put,132.00,2026-09-11,1.0650
IREN,Put,35.00,2026-10-16,3.0150
AMZN,Call,265.00,2026-09-02,0.5800
NVDA,Put,210.00,2026-09-04,0.4150
AAPL,Call,330.00,2026-09-09,0.9300
MRVL,Call,230.00,2026-09-04,1.1250
SOFI,Call,25.00,2027-06-17,1.9200
MRVL,Put,160.00,2026-11-20,4.4500
MSTR,Call,140.00,2026-09-04,2.1000
NVDA,Call,270.00,2027-01-15,5.8000
NVDA,Call,260.00,2027-01-15,7.6000
AAPL,Call,325.00,2026-09-02,0.2700
AMD,Call,485.00,2026-09-04,4.7750
NVDA,Call,230.00,2026-10-16,6.5500
TSLA,Call,357.50,2026-09-04,13.7500
T,Call,26.00,2026-09-04,0.2150
MSTR,Call,135.00,2026-09-04,3.6250
MSFT,Put,480.00,2026-09-18,2.2450
AMD,Call,500.00,2026-09-04,1.8500
SUNB,Call,75.00,2026-09-18,3.2000
BABA,Call,125.00,2026-10-09,2.8350
AAPL,Call,317.50,2026-09-02,1.9050
EIX,Put,60.00,2026-09-18,6.7000
PLTR,Put,172.50,2026-09-04,0.4750
AMZN,Call,270.00,2026-10-16,7.2000
CIFR,Call,20.00,2026-09-18,0.2250
AAPL,Call,325.00,2026-09-04,0.7050
GOOG,Call,360.00,2026-10-16,5.4750
GOOGL,Call,350.00,2026-09-04,0.8750
WULF,Call,20.00,2026-12-18,1.4200
SPCX,Put,133.00,2026-09-04,0.4300
AI,Call,12.00,2026-09-04,0.3200
NKE,Put,35.00,2026-12-18,1.7650
SUNB,Call,85.00,2026-09-18,0.2750
RKLB,Call,72.00,2026-09-04,0.1600
AAPL,Call,322.50,2026-09-04,1.1850
NVDA,Call,220.00,2026-09-02,2.4350
CIFR,Call,17.50,2026-09-04,0.1300
QCOM,Call,170.00,2026-09-11,4.5750
PCG,Put,16.00,2026-09-18,2.8800
AMD,Put,435.00,2026-09-18,6.1750
NU,Put,14.00,2026-09-18,0.2350
SOFI,Put,18.00,2026-09-04,0.4300
MRVL,Call,300.00,2026-10-16,2.1250
NVDA,Call,240.00,2026-09-18,0.8400
NOK,Call,10.00,2026-09-04,0.3350
CBRS,Call,180.00,2026-09-04,8.0000
MSTR,Call,134.00,2026-09-04,4.0250
SPCX,Put,140.00,2026-09-04,1.7150
NVDA,Call,280.00,2026-10-16,0.2750
PL,Call,24.00,2026-09-18,1.0750
S,Call,24.00,2026-09-04,0.1000
DKNG,Put,24.00,2026-09-04,0.4150
KPTI,Call,2.50,2026-09-18,0.1250
IREN,Call,40.00,2026-09-18,1.4650
NVDA,Call,222.50,2026-09-02,1.3600
IREN,Call,40.00,2026-09-04,0.4050
TSLA,Call,350.00,2026-09-04,19.5250
NVDA,Call,230.00,2026-09-18,2.5300
COIN,Call,190.00,2026-09-04,4.9250
SOFI,Put,17.50,2026-09-04,0.2050
CVX,Call,205.00,2026-09-18,5.6000
MSTR,Call,133.00,2026-09-11,6.4250
TSLA,Call,400.00,2026-09-02,0.2100
LQDA,Put,50.00,2026-09-04,0.3750
MSTR,Call,138.00,2026-09-11,4.4750
GOOGL,Call,355.00,2026-09-04,0.4400
MSTR,Call,146.00,2026-09-04,1.0850
BA,Put,210.00,2026-09-04,3.6750
APLD,Put,24.50,2026-09-04,0.4250
PLTR,Call,195.00,2026-09-04,1.1250
WBD,Call,30.00,2026-09-18,0.1550
INTC,Call,91.00,2026-09-04,1.6600
AMZN,Call,272.50,2026-09-04,0.3300
GOOGL,Call,352.50,2026-09-04,0.6250
CLSK,Call,12.50,2026-09-04,0.1500
NIO,Put,4.00,2027-01-15,0.3900
RCAT,Call,9.00,2026-09-04,0.1900
AMZN,Call,275.00,2026-09-04,0.2050
PBR,Call,19.00,2026-09-04,0.4950
CIFR,Call,20.00,2026-10-16,0.8000
TSLA,Call,365.00,2026-09-04,9.1000
SPCX,Call,150.00,2026-09-04,1.1100
GME,Call,19.00,2026-09-04,0.1550
TSLA,Call,352.50,2026-09-04,17.4750
VSNT,Call,45.00,2026-09-18,0.1500
MSFT,Call,515.00,2026-09-02,1.1350
ONDS,Put,8.00,2026-09-04,0.4450
OPEN,Call,10.00,2028-01-21,0.5850
PL,Call,40.00,2026-09-18,0.1250
ORCL,Call,180.00,2026-09-18,2.2150
MPT,Put,2.50,2028-12-15,0.3750
MRVL,Call,237.50,2026-09-04,0.5600
MARA,Put,10.50,2026-09-04,0.2700
PLTR,Put,180.00,2026-09-04,1.5800
RIOT,Call,19.00,2026-09-04,0.6400
IREN,Call,110.00,2027-01-15,0.5950
NVDA,Put,220.00,2026-09-18,5.6250
F,Call,14.00,2026-09-04,0.1700
SPCX,Call,152.50,2026-09-04,0.6850
HIMS,Put,15.00,2028-12-15,3.3250
ALLY,Call,43.00,2026-09-18,0.7000
SPCX,Call,142.00,2026-09-04,4.2000
MRVL,Call,260.00,2026-10-16,5.4250
NVDA,Put,190.00,2027-01-15,6.7750
PCG,Call,17.00,2026-10-16,0.1400
RIVN,Call,16.00,2026-09-18,0.8150
NFLX,Call,83.00,2026-09-04,0.4500
INTC,Call,100.00,2026-09-11,0.6500
HOOD,Call,110.00,2026-09-04,1.1750
SNOW,Call,420.00,2027-01-15,20.7500
NVDA,Call,225.00,2026-09-18,4.1250
HOOD,Put,99.00,2026-09-04,0.7350
DINO,Call,105.00,2026-09-18,2.9250
NVDA,Call,227.50,2026-09-02,0.3000
SPCX,Put,100.00,2026-11-20,1.6150
MRVL,Call,250.00,2026-10-16,7.0000
MSTR,Call,145.00,2026-09-04,1.2150
RIOT,Call,23.00,2026-09-18,0.2700
CRWV,Put,75.00,2026-09-18,1.3750
QBTS,Call,18.00,2026-09-04,0.2550
NVDA,Call,220.00,2026-10-16,10.9250
NVDA,Put,212.50,2026-09-04,0.7300
QCOM,Call,170.00,2026-09-04,3.1250
NFLX,Call,120.00,2027-06-17,2.6550
DLB,Call,70.00,2027-03-19,3.3500
MSTR,Call,145.00,2026-10-16,9.1500
NVDA,Put,200.00,2026-09-11,0.3950
PURR,Call,11.00,2026-12-18,3.3750
HOOD,Call,113.00,2026-09-04,0.6550
AMZN,Put,265.00,2026-09-04,6.3500
NVDA,Put,225.00,2026-09-04,5.5750
SPCX,Put,138.00,2026-09-04,1.1750
BRK.B,Call,510.00,2026-09-04,1.1150
SMCI,Call,45.00,2026-09-18,0.3950
ASST,Call,26.50,2026-10-09,2.2000
COIN,Call,192.50,2026-09-04,3.9250
ONDS,Call,8.00,2026-09-04,0.1050
IREN,Put,38.00,2026-09-18,2.9700
ASST,Call,26.00,2026-09-04,0.5550
ASTS,Call,75.00,2026-10-16,1.9300
NVDA,Call,220.00,2026-09-18,6.5000
NVDA,Call,220.00,2027-06-17,33.6000
AAL,Put,12.00,2028-01-21,2.1250
AAPL,Put,307.50,2026-09-02,0.2200
SPCX,Call,140.00,2026-09-04,5.4250
PSNL,Call,20.00,2027-01-15,0.5250
COIN,Call,185.00,2026-09-04,7.3500
TRIP,Put,3.00,2028-01-21,0.2250
NKE,Call,41.50,2026-09-18,0.2850
NOK,Call,10.50,2026-09-04,0.1400
KO,Call,91.00,2026-09-04,0.1250
UAL,Put,97.50,2026-09-18,0.6450
AMZN,Call,300.00,2026-12-18,7.2000
NIO,Call,4.50,2026-09-04,0.1350
HPE,Call,55.00,2026-09-04,1.9050
NVDA,Call,217.50,2026-09-02,4.0750
META,Call,577.50,2026-09-02,4.0500
ASTS,Call,70.00,2026-10-16,2.7400
SPCX,Call,155.00,2026-09-04,0.4300
NFLX,Call,85.00,2026-09-04,0.1400
CIFR,Call,16.50,2026-09-04,0.3050
TSLA,Call,360.00,2026-09-02,9.9500
INTC,Call,115.00,2026-10-16,1.4300
BA,Call,212.50,2026-09-04,0.9450
GOOG,Call,360.00,2026-09-25,2.3250
AMD,Call,490.00,2026-09-04,3.5500
NKE,Put,36.00,2026-09-25,0.3050
BMNR,Call,26.00,2026-09-04,0.6450
ASTS,Put,54.00,2026-09-04,0.2650
NVDA,Call,240.00,2026-09-11,0.3200
CRWV,Put,85.00,2026-09-04,2.6100
AVGO,Call,375.00,2026-09-04,13.2000
PBF,Call,75.00,2026-09-18,2.9000
SPCX,Call,148.00,2026-09-04,1.5950
VALE,Put,13.00,2027-06-17,0.8500
TSLA,Call,372.50,2026-09-04,5.6500
CIFR,Call,16.00,2026-09-18,1.0800
UAL,Put,100.00,2026-09-18,0.9950
NVDA,Call,217.50,2026-09-04,5.3000
AVGO,Call,385.00,2026-09-04,9.5250
AMZN,Call,267.50,2026-09-11,2.1650
NKE,Put,39.00,2026-09-18,1.2050
NU,Call,15.00,2026-09-18,0.2950
LQDA,Call,95.00,2026-09-04,0.3250
BAC,Call,63.00,2026-09-04,0.1400
SPCX,Put,90.00,2026-11-20,0.9050
HOOD,Call,111.00,2026-09-04,0.9700
NVDA,Put,210.00,2026-11-20,9.5750
NU,Call,14.50,2026-09-04,0.2800
AMD,Call,505.00,2026-09-04,1.3300
NVDA,Call,270.00,2026-10-16,0.5150
AAPL,Call,330.00,2026-09-04,0.2500
BTDR,Call,11.00,2026-09-04,0.3750
NOW,Call,190.00,2026-10-16,1.6750
T,Put,26.00,2026-09-04,0.2750
SNOW,Call,340.00,2027-01-15,45.1000
BULL,Call,9.00,2026-09-04,0.5850
TSLA,Call,375.00,2026-09-18,10.7250
INTC,Call,94.00,2026-09-02,0.3000
MDT,Call,93.00,2026-09-04,1.6000
INTC,Call,100.00,2026-09-04,0.1700
HTZ,Call,2.00,2026-12-18,0.6050
IREN,Put,33.00,2026-09-04,0.1600
NVDA,Call,255.00,2027-01-15,8.8000
PLTR,Call,197.50,2026-09-04,0.7450
PYPL,Put,53.00,2026-09-04,1.0100
PCG,Put,17.00,2026-09-04,3.9000
CCI,Call,75.00,2026-09-18,2.1750
NVDA,Put,215.00,2026-09-02,0.4700
TSLA,Put,335.00,2026-09-02,0.1550
NVDA,Call,235.00,2026-09-09,0.3850
NVDA,Put,205.00,2026-12-18,9.6750
NVDA,Put,217.50,2026-09-04,1.8750
BABA,Put,120.00,2026-10-16,9.9500
MRVL,Call,200.00,2026-09-04,13.5000
GOOGL,Call,347.50,2026-09-04,1.1850
IREN,Call,35.50,2026-09-04,2.3000
IREN,Put,30.00,2026-10-16,1.2350
GME,Call,23.00,2026-10-16,0.4000
BMNR,Call,25.00,2026-10-16,3.0100
HOOD,Put,100.00,2026-09-04,0.9800
NVDA,Call,225.00,2026-09-25,5.3250
NVDA,Call,220.00,2026-09-09,4.4000
RIOT,Call,20.00,2026-09-04,0.2800
NVDA,Put,170.00,2026-11-20,1.6500
NVDA,Put,205.00,2026-09-04,0.2200
AMZN,Call,300.00,2026-11-20,5.3750
GLXY,Call,24.50,2026-09-04,1.0550
ORLY,Put,88.00,2026-09-18,1.2250
IREN,Put,30.00,2026-09-18,0.3250
MSFT,Put,510.00,2026-09-18,11.7250
NKE,Put,38.50,2026-09-04,0.4300
MCD,Call,270.00,2026-09-04,0.3600
AA,Call,55.00,2026-10-16,1.9250
GOOG,Call,347.50,2026-09-04,0.6750
NKE,Put,35.00,2026-11-20,1.3000
NVDA,Call,227.50,2026-09-18,3.3000
GOOGL,Call,345.00,2026-09-04,1.8450
PLTR,Call,187.50,2026-09-04,3.4750
PCG,Call,25.00,2028-01-21,0.4500
NVDA,Call,220.00,2026-09-11,4.9000
CYTK,Call,80.00,2028-01-21,19.9500
PFE,Call,28.00,2026-09-04,0.6400
IBRX,Call,12.00,2026-10-16,0.0750
NBIS,Call,240.00,2026-09-04,0.5700
QCOM,Put,160.00,2026-09-04,0.4750
SOFI,Call,19.00,2026-09-11,0.2000
IREN,Put,35.00,2026-09-04,0.4850
DT,Call,55.00,2026-09-18,1.4000
RIVN,Call,16.50,2026-09-04,0.2150
GOOGL,Call,360.00,2026-09-04,0.3000
INTC,Put,90.00,2026-09-02,1.8150
NVAX,Call,10.00,2026-09-04,0.1400
PYPL,Call,54.00,2026-09-04,0.3400
NVDA,Call,230.00,2027-01-15,16.9250
NVDA,Call,227.50,2026-09-09,1.6450
GOOG,Call,352.50,2026-09-04,0.3300
CLYM,Put,15.00,2026-09-18,3.8000
TSLA,Call,440.00,2026-09-04,0.1250
MU,Put,340.00,2026-10-09,0.3100
MRVL,Call,225.00,2026-09-04,1.8250
TSLA,Put,355.00,2026-09-04,2.5850
SPCX,Call,141.00,2026-09-04,4.7750
MRVL,Call,220.00,2026-09-04,2.8900
SOFI,Put,17.00,2026-09-11,0.1950
MRVL,Call,240.00,2026-09-04,0.4450
GOOGL,Put,327.50,2026-09-04,0.5200
MRVL,Call,250.00,2026-09-04,0.1900
NVDA,Call,225.00,2026-09-02,0.6700
SOLS,Call,70.00,2026-09-18,0.6750
UBER,Put,75.00,2026-09-18,1.8350
CVNA,Call,76.00,2026-09-04,0.7850
SMCI,Call,37.00,2026-09-04,1.3900
CBRS,Call,185.00,2026-09-04,5.4500
NBIS,Call,220.00,2026-09-04,2.6850
AMZN,Call,335.00,2027-01-15,3.7250
MARA,Call,40.00,2027-12-17,1.0150
MU,Call,"1,000.00",2026-09-04,7.9250
DPRO,Call,6.00,2026-10-16,0.6750
CMG,Put,37.50,2026-09-04,0.3650
INTC,Call,90.00,2026-09-04,2.0450
TSLA,Put,357.50,2026-09-04,3.2750
SOFI,Call,18.50,2026-09-04,0.1650
ORCL,Call,200.00,2026-09-18,0.7900
PYPL,Put,52.00,2026-09-04,0.5200
MRVL,Put,200.00,2026-09-04,1.7350
NVDA,Put,210.00,2026-09-25,2.9950
GME,Call,18.50,2026-09-04,0.2950
LTH,Put,45.00,2026-09-18,3.4000
RIVN,Put,16.00,2026-09-04,0.3400
PYPL,Put,51.00,2026-09-04,0.2250
AMZN,Call,265.00,2026-09-04,1.4200
NOK,Call,11.00,2026-09-11,0.1250
IREN,Put,34.00,2026-09-04,0.2750
ONDS,Put,8.50,2026-09-04,0.8700
SOFI,Call,18.00,2026-09-04,0.3300
IREN,Put,36.00,2026-09-04,0.7950
CCL,Put,25.00,2026-09-04,1.1900
TSLA,Call,377.50,2026-09-02,1.8250
CORZ,Put,15.00,2026-10-16,0.8600
AMD,Call,480.00,2026-09-04,6.3750
ORCL,Call,160.00,2026-09-04,0.6250
HIMS,Call,30.00,2026-09-04,0.7600
AAPL,Put,317.50,2026-09-04,3.4000
SONY,Call,27.50,2026-12-18,0.8500
PFE,Call,28.50,2026-09-04,0.3100
WMT,Call,110.00,2026-10-16,1.5600
NKE,Call,39.50,2026-09-18,0.7600
SPCX,Call,155.00,2026-09-18,2.4150
AUGO,Call,95.00,2026-10-16,4.9000
AUGO,Put,85.00,2026-10-16,9.6000
ONDS,Put,9.00,2026-09-11,1.4000
PLTR,Put,185.00,2026-09-04,3.2750
SOLS,Call,65.00,2026-11-20,5.8500
NFLX,Call,82.00,2026-09-04,0.7450
IREN,Put,37.00,2026-09-04,1.2200
ONDS,Call,10.00,2026-10-16,0.2150
INTC,Call,92.00,2026-09-04,1.3150
HIMS,Call,32.00,2026-09-04,0.2250
AMZN,Call,280.00,2026-09-18,1.0500
SMR,Call,10.00,2026-10-16,0.7700
SOFI,Put,18.50,2026-09-04,0.7600
NOW,Call,165.00,2026-09-04,0.2450
PLTR,Call,202.50,2026-09-04,0.3400
MRVL,Put,130.00,2026-11-20,1.1850
PLTR,Put,187.50,2026-09-04,4.4750
DKNG,Call,30.00,2026-10-16,0.3200
NVDA,Call,225.00,2026-09-11,2.8250
INTC,Call,93.00,2026-09-04,1.0350
AMD,Call,495.00,2026-09-04,2.5500
AFRM,Call,80.00,2026-09-04,0.3300
F,Put,14.00,2026-09-04,0.2000
SLS,Call,13.50,2026-09-04,0.6250
TSLA,Put,350.00,2026-09-04,1.6050
NBIS,Put,200.00,2026-09-04,4.4000
AVGO,Call,440.00,2026-10-16,6.2500
WBD,Put,28.00,2026-10-16,1.0050
NVDA,Put,200.00,2026-10-16,2.9350
EOSE,Call,4.00,2026-09-25,0.1150
MSTR,Put,120.00,2026-09-04,0.5400
NVDA,Call,220.00,2026-09-25,7.5000
NVDA,Call,230.00,2026-09-09,1.0000
CIFR,Call,15.00,2026-09-04,0.9150
BAC,Put,61.00,2026-09-04,0.2700
XOM,Call,162.50,2026-09-04,1.3600
CRWV,Call,85.00,2026-09-04,2.5600
WMT,Put,100.00,2026-10-16,1.2650
SMR,Call,10.00,2026-09-04,0.0950
TSLA,Put,355.00,2026-09-02,1.0350
IREN,Call,37.00,2026-09-04,1.3950
AAPL,Call,335.00,2026-09-04,0.0750
CIFR,Put,16.50,2026-09-04,1.2850
PYPL,Put,50.00,2026-09-18,0.5050
INTC,Call,105.00,2026-09-18,0.7500
WMT,Call,105.00,2026-09-04,0.9350
MRVL,Call,250.00,2026-09-18,1.7500
NVDA,Put,195.00,2026-09-18,0.5500
CRCL,Call,89.00,2026-09-04,7.7000
SPCX,Call,143.00,2026-09-04,3.6000
BMNR,Call,30.00,2026-09-11,0.2250
AAPL,Call,332.50,2026-09-04,0.1500
CCL,Put,23.00,2026-09-18,0.3400
NVDA,Call,230.00,2026-09-25,3.5500
BMNR,Call,25.00,2026-09-04,1.0950
NOW,Put,130.00,2026-10-16,3.7000
TSLA,Call,355.00,2026-09-04,15.7000
PLTR,Put,170.00,2026-10-16,5.3250
NVDA,Call,250.00,2026-09-18,0.2700
TSLA,Call,375.00,2026-09-04,4.7000
AMD,Call,477.50,2026-09-04,7.3000
INTC,Put,85.00,2026-09-04,0.6050
AMZN,Call,280.00,2026-09-11,0.3850
NVDA,Put,205.00,2026-09-25,1.9800
SOFI,Call,19.50,2026-09-18,0.2600
LQDA,Put,45.00,2026-09-04,0.1000
TSLA,Call,405.00,2026-09-04,0.5200
TSLA,Call,450.00,2027-01-15,16.8500
SPCX,Call,147.00,2026-09-04,1.9000
PYPL,Put,50.00,2026-09-04,0.0850
AMZN,Put,255.00,2026-09-04,1.3650
NCLH,Call,25.00,2027-01-15,0.2200
NVDA,Put,217.50,2026-09-02,0.9450
GPRE,Call,15.00,2026-10-16,0.9250
AAPL,Call,327.50,2026-09-04,0.4400
INTC,Call,100.00,2026-09-18,1.2950
RIVN,Call,16.00,2026-09-04,0.4200
CIFR,Call,17.00,2026-09-04,0.2000
AMZN,Put,237.50,2026-09-18,0.7250
INTC,Put,88.00,2026-09-04,1.4800
CRCL,Call,94.00,2026-09-04,4.4000
RKLB,Call,100.00,2026-10-16,0.4900
INTC,Call,94.00,2026-09-18,2.6300
INTC,Call,96.00,2026-09-02,0.1250
RKLB,Call,80.00,2027-01-15,6.7500
NVDA,Call,210.00,2026-09-04,11.0250
IREN,Call,35.00,2026-09-18,3.7250
GME,Call,25.00,2027-01-15,0.7550
QS,Put,5.50,2026-09-04,0.0600
MSFT,Call,515.00,2026-09-04,2.6550
TSLA,Call,420.00,2026-09-04,0.2500
SMCI,Call,40.00,2026-09-04,0.3850
MRVL,Put,210.00,2026-09-04,5.0500
PURR,Call,14.00,2026-09-04,0.2750
SMCI,Call,40.00,2026-09-18,1.2750
LPTH,Put,10.00,2026-09-18,0.9250
SOFI,Call,20.00,2026-10-16,0.5700
SLS,Call,15.00,2027-01-15,5.9000
MGM,Put,41.00,2026-09-18,1.6000
GOOG,Call,360.00,2026-10-02,3.3500
SPCX,Call,144.00,2026-09-04,3.1000
BB,Call,9.00,2026-09-18,0.1600
MARA,Put,10.00,2026-09-04,0.1150
SNDK,Put,"1,450.00",2026-09-04,12.0000
NVDA,Call,222.50,2026-09-18,5.1500
SOFI,Call,20.00,2026-09-18,0.1850
COHR,Call,300.00,2026-09-04,1.9500
CLSK,Call,12.00,2026-09-04,0.2900
PBR,Call,19.50,2026-09-18,0.5150
NOW,Call,150.00,2026-09-04,2.8900
TTD,Put,13.50,2026-09-04,0.2050
CAT,Put,750.00,2026-09-04,0.5650
NVDA,Call,330.00,2027-03-19,3.0800
CRWV,Put,83.00,2026-09-04,1.6900
ASST,Call,27.00,2026-10-16,1.9300
NIO,Put,4.50,2026-09-04,0.3800
IREN,Call,41.00,2026-09-11,0.6800
HIMS,Call,30.50,2026-09-04,0.5650
TSLA,Call,362.50,2026-09-02,8.1750
BETR,Call,17.50,2026-09-18,0.4500
EXE,Call,105.00,2026-09-18,0.6000
HOOD,Put,104.00,2026-09-04,2.4350
MSFT,Put,500.00,2026-09-04,2.5750
SBET,Call,9.00,2026-09-04,0.1650
ONDS,Put,9.50,2026-09-18,1.9050
CELH,Call,32.00,2026-09-04,0.5100
BMNR,Call,26.50,2026-09-04,0.4900
BA,Call,215.00,2026-09-04,0.5000
IREN,Call,36.00,2026-09-04,1.9550
ORCL,Put,148.00,2026-09-04,2.8450
MDB,Call,530.00,2026-09-04,11.0750
LOW,Call,215.00,2026-09-04,0.2250
AMD,Put,440.00,2026-09-04,1.5050
ONDS,Call,9.00,2026-12-18,0.9250
NBIS,Put,190.00,2026-09-04,1.7350
MSTR,Call,160.00,2026-09-18,1.9100
TTD,Call,14.00,2026-09-04,0.2200
BA,Call,250.00,2027-01-15,4.7000
RCAT,Put,8.00,2026-09-04,0.0900
MSFT,Call,525.00,2026-09-04,0.7850
HOOD,Call,108.00,2026-09-04,1.6950
SPCX,Call,170.00,2026-09-18,0.6550
SPCX,Call,150.00,2027-09-17,32.1000
RIOT,Call,18.00,2026-09-11,1.5450
NKE,Put,39.00,2026-09-04,0.7100
AAPL,Put,310.00,2026-09-04,0.9150
BAC,Call,62.00,2026-09-04,0.4800
TSLA,Call,355.00,2026-09-02,14.0250
BAC,Call,67.50,2026-10-16,0.3900
SPCX,Call,150.00,2026-09-11,2.3900
SPCX,Put,136.00,2026-09-04,0.7850
RIVN,Put,15.50,2026-09-04,0.1500
TSLA,Put,347.50,2026-09-04,1.2800
MARA,Put,10.00,2026-09-11,0.2500
XOM,Call,165.00,2026-09-04,0.6450
CRWV,Call,95.00,2026-09-04,0.2800
AMZN,Put,242.50,2026-09-04,0.1450
NFLX,Call,84.00,2026-09-04,0.2500
IREN,Call,36.50,2026-09-04,1.6550
RKLB,Call,70.00,2026-09-04,0.2900
WFC,Call,88.00,2026-09-04,0.3500
AVGO,Put,300.00,2026-09-04,0.1700
PBR,Call,20.00,2026-10-16,0.8550
JOBY,Put,7.00,2026-09-04,0.2450
NVDA,Call,210.00,2026-09-11,11.6000
SOFI,Call,30.00,2027-01-15,0.3500
IREN,Call,35.00,2026-09-04,2.6500
CDE,Call,23.00,2026-09-18,0.4750
MRNA,Call,170.00,2026-09-04,0.2750
RIOT,Call,19.50,2026-09-04,0.4350
NVDA,Call,235.00,2026-10-16,4.8500
AAPL,Put,320.00,2026-09-04,4.8250
NVDA,Put,220.00,2026-10-16,9.3500
EIX,Put,70.00,2026-09-18,15.9500
NVDA,Put,205.00,2026-09-02,0.0950
SNAP,Call,5.50,2026-09-04,0.1650
CRCL,Call,120.00,2027-06-17,20.8500
APLD,Put,25.00,2026-09-04,0.6150
TSLA,Put,320.00,2026-09-04,0.1850
NCLH,Put,16.00,2026-09-04,0.2000
ORCL,Call,162.50,2026-09-04,0.4150
SPCX,Call,165.00,2026-09-18,0.9950
IONQ,Call,40.00,2026-09-18,2.3150
IREN,Call,40.00,2026-09-11,0.8900
IREN,Put,34.00,2026-09-18,1.1400
INTC,Call,91.00,2026-09-11,2.6900
AAPL,Put,315.00,2026-09-04,2.3000
INTC,Call,100.00,2026-10-16,3.7750
PLTR,Call,205.00,2026-09-04,0.2400
T,Call,27.00,2026-10-16,0.4000
RBLX,Call,39.00,2026-09-04,2.5700
NKE,Call,50.00,2026-12-18,0.7700
OKTA,Call,180.00,2026-09-04,2.0700
PLUG,Call,2.50,2026-10-09,0.0950
AMZN,Put,240.00,2026-09-11,0.4000
MSFT,Call,490.00,2026-10-16,29.9000
LULU,Put,100.00,2026-09-04,0.3750
INTC,Call,94.00,2026-09-04,0.8050
NU,Call,15.00,2026-10-16,0.6800
CRCL,Call,93.00,2026-09-04,4.9750
SLS,Call,15.00,2026-09-18,0.9750
HUT,Call,82.00,2026-09-18,5.2750
MSTR,Call,150.00,2027-06-17,32.2500
BE,Put,190.00,2026-09-04,2.0350
AMZN,Put,262.50,2026-09-04,4.8500
MARA,Call,10.50,2026-09-04,0.5400
AVGO,Put,350.00,2026-09-04,6.2000
TSLA,Put,365.00,2026-09-02,3.7750
PBR,Call,24.00,2026-12-18,0.4800
TSLA,Put,362.50,2026-09-02,2.8150
TSLA,Put,360.00,2026-09-02,2.0650
BMNR,Call,20.00,2027-03-19,8.7750
PCG,Call,16.00,2026-12-18,0.4100
NRG,Call,145.00,2026-12-18,2.5500
AMZN,Put,267.50,2026-09-02,7.8000
RCL,Put,270.00,2026-12-18,23.6000
MU,Put,940.00,2026-09-02,7.1000
TSLA,Call,390.00,2026-09-09,2.6650
AAPL,Call,315.00,2026-09-02,3.3250
ALLY,Call,42.00,2026-09-18,1.1750
ASST,Call,28.00,2026-09-18,0.7250
XEL,Put,70.00,2027-03-19,3.1250
LUV,Put,47.50,2027-03-19,10.2250
TSLA,Put,357.50,2026-09-02,1.4400
PCG,Put,12.00,2027-01-15,0.6700
ORCL,Call,160.00,2026-10-02,7.8000
MAIN,Put,55.00,2026-10-16,0.4500
GOOGL,Call,340.00,2026-09-02,2.3100
AMZN,Call,262.50,2026-09-02,1.1600
AMZN,Call,242.50,2026-09-02,17.5000
AMZN,Put,257.50,2026-09-02,1.2400
TSLA,Put,365.00,2026-09-04,5.9750
AMZN,Put,255.00,2026-09-02,0.6250
TSLA,Call,367.50,2026-09-02,5.3000
TSLA,Put,362.50,2026-09-04,4.9250
TEM,Call,67.00,2026-09-04,0.7100
NOW,Put,140.00,2026-11-20,11.2500
TSLA,Call,382.50,2026-09-02,1.0250
TSLA,Call,365.00,2026-09-02,6.6250
AMZN,Call,245.00,2026-09-04,15.1750
BP,Call,44.00,2026-11-20,2.1700
WULF,Call,16.00,2026-11-20,2.1450
MSFT,Call,512.50,2026-09-02,1.7500
FUTU,Call,125.00,2026-09-18,4.1250
OLLI,Call,90.00,2026-09-18,0.6500
TSLA,Call,387.50,2026-09-09,3.1750
TSLA,Call,385.00,2026-09-02,0.7750
MDT,Call,99.00,2026-09-04,0.3400
TMDX,Put,75.00,2026-09-18,0.4250
EW,Put,77.50,2026-11-20,1.0000
TSLA,Put,367.50,2026-09-04,7.2250
DPRO,Call,6.00,2026-09-18,0.3500
TSLA,Put,350.00,2026-09-02,0.5250
TSLA,Call,395.00,2026-09-02,0.2900
VALE,Call,19.00,2026-12-18,0.2000
MU,Call,945.00,2026-09-02,21.5750
TSLA,Call,370.00,2026-09-02,4.1250
GOOGL,Put,330.00,2026-09-02,0.3300
KEEL,Put,2.00,2027-02-19,0.1950
FCX,Call,77.00,2026-09-11,1.9600
PATH,Put,18.50,2026-09-04,1.1300
TSLA,Call,372.50,2026-09-02,3.2000
SPCX,Put,143.00,2026-09-04,2.8800
AA,Call,50.00,2026-09-11,1.5900
TSLA,Put,360.00,2026-09-04,4.0500
AAPL,Call,322.50,2026-09-02,0.5400
AMZN,Call,260.00,2026-09-02,2.1750
FSLR,Call,210.00,2026-09-04,1.5600
MU,Call,950.00,2026-09-02,18.1000
TITN,Call,22.50,2026-09-18,0.2250
S,Put,22.00,2026-10-16,1.4500
META,Call,950.00,2027-03-19,6.4750
TSLA,Put,370.00,2026-09-04,8.5000
PLTR,Put,162.50,2026-10-02,2.3050
ENTG,Call,150.00,2026-09-18,2.5250
DKS,Put,115.00,2027-01-15,6.2000
MU,Put,935.00,2026-09-02,5.5750
TSLA,Call,375.00,2026-09-02,2.4500
IREN,Call,39.00,2026-09-04,0.6350
COP,Call,150.00,2026-11-20,2.3450
TSLA,Call,367.50,2026-09-04,7.9250
JBLU,Put,4.00,2026-10-16,0.1450
RCL,Call,310.00,2027-01-15,12.0500
EIX,Call,65.00,2026-09-18,0.2750
TSLA,Put,350.00,2026-09-09,2.7300
SPCX,Call,320.00,2027-01-15,0.6350
MU,Call,990.00,2026-09-02,4.3500
META,Call,575.00,2026-09-02,4.7250
TSLA,Call,380.00,2026-09-02,1.3850
UMAC,Call,24.00,2026-09-04,1.0000
INTC,Call,89.00,2026-09-02,1.7750
CRML,Put,10.00,2026-10-16,3.1750
PG,Call,150.00,2026-09-04,0.1100
TSLA,Call,770.00,2027-02-19,2.5300
TMDX,Call,90.00,2026-09-18,1.6250
APLD,Put,23.50,2026-09-04,0.1900
AAPL,Put,315.00,2026-09-02,1.5050
MU,Call,940.00,2026-09-02,24.5500
PYPL,Call,53.00,2026-09-04,0.6500
TSLA,Put,352.50,2026-09-02,0.7150
WSC,Call,27.50,2027-01-15,0.7750
RKLB,Call,64.00,2026-09-04,1.7750
AMD,Call,480.00,2026-09-02,3.1300
IOVA,Put,8.00,2026-09-04,0.3000
MU,Call,970.00,2026-09-02,9.5250
AMZN,Call,247.50,2026-09-04,12.9500
SNDK,Call,"1,520.00",2026-09-04,78.6000
AAPL,Call,320.00,2026-09-02,1.0400
HOOD,Call,103.00,2026-09-04,3.8750
PCG,Call,15.00,2026-12-18,0.6300
MSFT,Put,507.50,2026-09-02,3.9750
GME,Call,24.00,2026-09-25,0.1500
WULF,Call,16.00,2026-09-11,0.4550
TPR,Call,155.00,2026-11-20,1.5500
TSLA,Call,387.50,2026-09-02,0.6500
NVDA,Call,242.50,2026-09-11,0.1650
MU,Call,"1,025.00",2026-09-04,3.9250
GOOGL,Call,342.50,2026-09-02,1.3850
GPRO,Call,1.0000,2026-09-18,0.2250
BNY,Put,175.00,2027-03-19,18.5000
AAPL,Put,312.50,2026-09-02,0.7950
PATH,Call,23.00,2026-11-20,1.2350
GOOGL,Put,335.00,2026-09-02,1.0050
RF,Call,25.00,2026-09-18,5.0000
META,Call,830.00,2027-01-15,6.3000
ABNB,Call,187.50,2026-09-18,2.6850
SPCX,Put,144.00,2026-09-04,3.3750
WIX,Put,60.00,2026-10-16,0.8000
TSLA,Call,365.00,2026-09-09,10.8250
MSTR,Call,132.00,2026-09-04,5.0000
CAT,Call,720.00,2027-01-15,126.7750
ARM,Call,245.00,2026-09-04,5.2000
HIMS,Call,29.50,2026-09-04,0.9800
MDB,Call,500.00,2026-09-04,17.8500
WBD,Put,25.00,2026-11-20,0.3100
BIDU,Put,96.00,2026-09-04,1.9300
MU,Put,925.00,2026-09-02,3.6250
ONON,Put,22.50,2027-09-17,2.2650
MDB,Call,560.00,2026-09-04,6.2750
SNDK,Call,"1,510.00",2026-09-04,87.2500
SLB,Call,60.00,2026-09-04,1.0050
PINS,Put,22.00,2026-09-11,0.8050
MSFT,Call,510.00,2026-09-02,2.6200
AAPL,Call,312.50,2026-09-02,5.1250
AMD,Put,470.00,2026-09-02,6.5750
UPST,Put,29.50,2026-09-04,1.2050
MU,Call,955.00,2026-09-02,16.0500
HAL,Call,38.00,2026-09-04,0.1750
META,Call,572.50,2026-09-02,5.9500
AMD,Call,470.00,2026-09-02,7.1250
HLF,Put,10.00,2027-02-19,1.3250
AMPX,Put,10.00,2026-09-18,0.7000
T,Put,25.50,2026-09-04,0.0900
SNDK,Put,"1,510.00",2026-09-04,27.2500
TSLA,Call,357.50,2026-09-02,12.0250
TSLA,Put,375.00,2026-09-04,11.7750
MRVL,Call,270.00,2026-10-02,1.9850
SNDK,Call,"1,530.00",2026-09-04,74.5500
CIFR,Put,10.00,2027-03-19,1.4350
AMZN,Call,257.50,2026-09-02,3.6500
HPQ,Call,32.00,2026-09-25,0.5700
DUK,Call,120.00,2026-10-16,3.2000
META,Put,570.00,2026-09-02,4.9250
SNDK,Put,"1,505.00",2026-09-04,25.5000
DLTR,Call,140.00,2026-12-18,5.5000
TDS,Call,35.00,2026-10-16,0.8750
IE,Put,10.00,2026-10-16,0.5250
PCG,Call,16.00,2026-09-18,0.1100
AMD,Call,467.50,2026-09-02,8.4250
XE,Put,10.00,2027-01-15,0.5500
MRVL,Call,230.00,2026-09-11,2.8500
ASTS,Call,60.00,2026-09-04,1.4300
SOLS,Call,60.00,2026-09-18,4.6000
CVX,Call,230.00,2026-11-20,3.1500
WIX,Call,65.00,2026-10-16,24.5500
META,Call,607.50,2026-09-02,0.2400
MDT,Call,101.00,2026-09-04,0.2150
META,Put,565.00,2026-09-02,3.0050
SNDK,Call,"1,750.00",2026-09-04,6.8500
SKHY,Put,155.00,2027-03-19,24.5000
NRG,Call,170.00,2026-12-18,0.8500
AMZN,Put,260.00,2026-09-02,2.3200
SPCX,Put,146.00,2026-09-04,4.5500
INTC,Put,90.00,2026-09-09,3.0050
TSLA,Call,390.00,2026-09-02,0.4550
MDT,Put,85.00,2026-09-04,0.4900
ANVS,Put,2.0000,2026-09-18,0.4000
PCG,Call,15.00,2026-09-18,0.1900
EIX,Call,65.00,2026-10-16,0.5500
SKHY,Call,185.00,2026-09-11,1.4500
MU,Put,900.00,2026-09-02,1.1550
GOOG,Call,337.50,2026-09-04,2.9700
IBM,Call,275.00,2026-11-20,5.0500
META,Call,615.00,2026-09-04,0.5350
HMY,Put,20.00,2028-01-21,4.1750
NEOV,Call,5.00,2026-09-18,0.2250
PRCH,Call,25.00,2027-01-15,1.0250
META,Call,570.00,2026-09-02,7.3250
LCID,Call,5.00,2027-12-17,1.8100
MU,Call,965.00,2026-09-02,11.6500
LYFT,Put,16.50,2026-09-04,0.1550
RIOT,Call,16.00,2026-10-16,3.9000
HOOD,Call,102.00,2026-09-04,4.5000
PLTR,Put,165.00,2026-10-02,2.7250
SEI,Put,40.00,2027-01-15,4.4500
AMZN,Put,250.00,2026-09-02,0.1850
MU,Call,960.00,2026-09-02,13.6500
UPST,Call,25.00,2026-10-16,4.7250
AAL,Call,12.00,2026-10-16,1.8400
GTLB,Put,35.00,2026-10-16,0.6250
META,Call,587.50,2026-09-02,1.5250
VZ,Put,49.50,2026-09-04,0.2100
IREN,Call,37.50,2026-09-04,1.1550
IREN,Call,39.50,2026-09-04,0.5150
SNDK,Put,"1,530.00",2026-09-04,34.3500
TSLA,Put,365.00,2026-09-11,8.9750
AMZN,Put,250.00,2026-10-02,4.4500
EIX,Call,65.00,2027-01-15,1.3250
RBLX,Call,45.00,2026-09-04,0.1550
PCG,Put,10.00,2026-12-18,0.2300
HPQ,Put,30.00,2026-09-04,0.5850
TSLA,Put,347.50,2026-09-02,0.4050
KLAR,Call,14.00,2026-09-04,0.8000
DKNG,Call,28.00,2026-09-25,0.2450
MSFT,Put,520.00,2026-10-16,23.8000
LVS,Put,44.00,2026-09-04,0.7500
MSFT,Put,500.00,2026-09-02,1.3600
META,Call,590.00,2026-09-02,1.1050
MU,Put,930.00,2026-09-02,4.6750
MU,Put,910.00,2026-09-02,1.7900
MU,Put,880.00,2026-09-02,0.4350
AAPL,Put,310.00,2026-09-02,0.3700
WMB,Put,75.00,2026-09-04,0.9250
AMD,Put,465.00,2026-09-02,4.3500
SPCX,Put,142.00,2026-09-04,2.4400
META,Call,610.00,2026-09-02,0.2450
MU,Put,920.00,2026-09-02,2.7900
CPB,Put,21.00,2026-10-16,0.2500
GS,Call,885.00,2026-09-18,142.9000
GOOGL,Call,345.00,2026-09-02,0.8150
FSLR,Call,220.00,2026-10-16,7.6750
NCLH,Call,16.50,2026-09-04,0.1900
MU,Call,975.00,2026-09-02,8.1750
MOS,Call,35.00,2027-03-19,0.8000
GS,Call,900.00,2026-09-18,127.1000
META,Call,572.50,2026-09-04,8.8250
CRWD,Put,207.50,2026-09-04,0.5450
AMZN,Put,247.50,2026-09-02,0.1250
TSLA,Call,397.50,2026-09-04,0.8500
PCG,Put,14.00,2026-10-16,1.3000
CORZ,Call,17.50,2026-09-04,0.1250
GOOGL,Put,340.00,2026-09-02,2.9600
COIN,Call,192.50,2026-09-11,6.4250
PLTR,Put,167.50,2026-09-25,2.4200
SNDK,Call,"1,490.00",2026-09-04,99.5500
GS,Call,880.00,2026-09-18,147.3250
PLTR,Put,157.50,2026-09-25,1.1300
DKNG,Call,24.00,2026-09-04,0.7300
GS,Call,875.00,2026-09-18,152.3250
CRWD,Put,227.50,2026-09-04,4.9250
HWM,Put,190.00,2027-01-15,3.6750
NBIS,Call,205.00,2026-09-04,8.0500
MNSO,Call,10.00,2026-09-18,0.1000
GOOGL,Put,337.50,2026-09-02,1.7350
AMZN,Put,265.00,2026-09-02,5.2000
BA,Call,207.50,2026-09-04,2.8300
WULF,Call,24.00,2027-01-15,1.0600
RIOT,Call,18.50,2026-09-04,0.9300
HOOD,Put,93.00,2026-09-04,0.1200
TRLV,Call,15.00,2026-10-16,0.3750
FIGR,Call,40.00,2026-10-16,2.7750
MSFT,Call,517.50,2026-09-02,0.7050
MRVL,Call,235.00,2026-09-04,0.7050
FCX,Call,77.00,2026-09-25,3.1250
PCG,Put,13.50,2026-09-04,0.5750
INTC,Call,90.00,2026-09-02,1.2800
TEAM,Call,170.00,2027-01-15,44.8000
NN,Call,17.00,2026-09-18,1.3500
CCL,Call,27.00,2026-10-02,0.3200
GME,Call,18.00,2026-10-09,1.3450
GS,Call,890.00,2026-09-18,137.1250
CELH,Call,33.50,2026-09-04,0.1600
TSLA,Call,412.50,2026-09-04,0.3450
GS,Call,840.00,2026-09-18,187.1500
MU,Call,"1,010.00",2026-09-04,5.9250
AMZN,Call,267.50,2026-09-02,0.2800
BIDU,Call,103.00,2026-09-11,0.5950
NVDA,Put,212.50,2026-09-02,0.2550
RGTI,Call,16.50,2026-09-18,0.6900
NBIS,Put,195.00,2026-10-02,13.1000
BLZE,Call,15.00,2026-09-18,0.8500
MU,Call,995.00,2026-09-02,3.5500
PCG,Call,35.00,2028-01-21,0.1100
C,Call,131.00,2026-09-04,1.8800
LLY,Call,"1,540.00",2026-10-02,0.5550
CRCL,Call,97.00,2026-09-04,2.9700
LMT,Call,500.00,2026-09-18,61.3000
TSLA,Call,450.00,2026-09-09,0.2450
NKE,Call,41.00,2026-09-18,0.3700
META,Call,595.00,2026-09-02,0.7900
LI,Call,32.00,2028-01-21,0.5000
SNDK,Call,"1,625.00",2026-09-04,29.2500
ORCL,Put,147.00,2026-09-04,2.4050
SNDK,Put,"1,500.00",2026-09-04,24.0000
NKE,Call,37.50,2026-09-04,1.5400
NVDA,Call,217.50,2026-09-09,5.5250
MDT,Call,95.00,2026-09-04,0.9500
LLY,Call,"1,540.00",2026-09-25,0.5000
NVDA,Call,205.00,2026-09-02,16.1250
PANW,Call,420.00,2026-09-04,5.4250
GS,Call,790.00,2026-09-18,237.2500
DOCS,Call,32.50,2028-12-15,9.9500
BAC,Put,58.00,2026-10-02,0.3650
MRVL,Put,200.00,2026-10-09,10.4500
FCX,Call,77.00,2026-09-18,2.5300
TSLA,Put,352.50,2026-09-09,3.2750
AMZN,Call,330.00,2027-09-17,20.0250
IBM,Put,300.00,2028-01-21,79.7250
LMT,Call,470.00,2026-09-18,91.2000
IREN,Put,22.00,2026-11-20,0.5500
MPC,Call,530.00,2026-09-18,0.0500
FCX,Call,90.00,2026-11-20,2.7400
TSLA,Call,387.50,2026-09-04,1.8050
RDW,Call,11.00,2026-09-18,0.5750
IREN,Call,38.00,2026-09-04,0.9500
BSX,Call,47.50,2026-09-04,1.6000
RZLV,Call,4.00,2026-09-25,0.0750
TSLA,Call,415.00,2026-09-02,0.0900
GS,Call,755.00,2026-09-18,272.3500
NKE,Call,30.00,2026-09-18,8.7750
OZK,Put,45.00,2027-01-15,1.3000
TSLA,Call,382.50,2026-09-04,2.7150
TSLA,Put,345.00,2026-09-02,0.3050
MSTR,Call,133.00,2026-09-04,4.4750
GS,Call,860.00,2026-09-18,167.1500
MRVL,Call,212.50,2026-09-04,5.6250
RBLX,Put,40.00,2026-09-04,0.6250
IREN,Call,48.00,2026-10-16,1.2700
META,Call,600.00,2026-09-02,0.4400
MU,Call,980.00,2026-09-02,6.5750
XOM,Call,185.00,2026-12-18,2.6800
CRM,Call,262.50,2026-09-04,2.6950
GS,Call,855.00,2026-09-18,172.0750
TSM,Call,447.50,2026-09-04,0.1400
SNDK,Call,"1,550.00",2026-09-04,60.8500
SNDK,Call,"1,470.00",2026-09-04,114.7000
P,Put,100.00,2026-10-16,11.7500
ASST,Call,30.00,2027-03-19,5.2500
CAPR,Call,15.00,2026-12-18,4.4500
WBD,Put,28.50,2026-09-04,0.1750
OXY,Call,60.00,2026-09-11,1.3600
LLY,Call,"1,500.00",2026-09-25,0.2500
USAR,Call,22.50,2026-09-18,0.1950
TSLA,Put,355.00,2026-09-25,9.6250
QCOM,Call,182.50,2026-09-04,0.4100
SNDK,Put,"1,480.00",2026-09-04,18.2500
NU,Call,18.00,2026-12-18,0.4150
IONQ,Call,40.50,2026-09-04,0.8200
ASTS,Call,58.00,2026-09-04,2.4350
TSLA,Put,352.50,2026-09-04,2.0200
MSTR,Put,126.00,2026-09-04,1.6250
CRWD,Call,245.00,2026-09-04,1.9350
AAPL,Call,327.50,2026-09-02,0.1300
CIEN,Call,470.00,2026-09-18,5.6750
PURR,Call,12.00,2026-09-25,1.5750
IBKR,Put,90.00,2026-09-04,0.1250
NBIS,Call,215.00,2026-09-25,13.4250
LVO,Call,5.00,2027-04-16,0.9750
AMD,Call,500.00,2026-09-02,0.4300
TSLA,Put,340.00,2026-09-02,0.2050
AMD,Put,455.00,2026-09-02,1.7850
COST,Call,965.00,2026-09-04,2.3050
APLD,Put,15.00,2028-01-21,2.8100
GOOG,Call,335.00,2026-09-04,4.1250
NIO,Put,4.00,2026-09-04,0.0950
RDDT,Put,147.00,2026-09-04,2.9700
FIGR,Call,38.00,2026-09-04,0.8750
RIOT,Call,18.00,2026-09-04,1.2500
MU,Call,942.50,2026-09-04,30.5000
TSLA,Put,345.00,2026-09-09,1.8300
AMZN,Call,237.50,2026-09-04,22.5500
ZYME,Call,35.00,2026-09-18,0.2250
GOOGL,Call,590.00,2027-12-17,9.2750
NOW,Put,140.00,2026-09-11,2.2600
CRWD,Call,232.50,2026-09-04,5.8250
ASTS,Call,61.00,2026-09-04,1.1000
NVDA,Put,220.00,2026-09-09,3.8250
PURR,Call,13.00,2026-09-04,0.5000
PII,Call,30.00,2027-01-15,34.6000
AMD,Call,510.00,2026-09-02,0.1600
AMD,Call,475.00,2026-09-02,4.6000
SKHY,Call,165.00,2027-03-19,31.9000
GS,Call,820.00,2026-09-18,207.5000
INTC,Call,92.00,2026-09-02,0.6500
NKE,Put,40.00,2027-09-17,6.8500
NESR,Put,35.00,2026-09-18,1.3750
TSLA,Call,372.50,2026-09-11,8.7750
MU,Call,"1,010.00",2026-09-02,1.8950
AMD,Call,517.50,2026-09-04,0.5300
AMD,Call,490.00,2026-09-02,1.2100
MU,Put,940.00,2026-09-04,13.6250
MU,Put,915.00,2026-09-02,2.1750
GS,Call,650.00,2026-09-18,376.7000
BP,Call,43.50,2026-09-04,0.2750
DAL,Put,72.00,2026-09-18,0.4950
SNDK,Put,"1,405.00",2026-09-04,5.9000
NLY,Put,23.00,2027-04-16,2.1600
AMZN,Put,262.50,2026-09-02,3.5600
NVDA,Put,220.00,2026-09-02,1.7600
EIX,Call,60.00,2027-01-15,2.2750
SPCX,Call,162.50,2026-09-04,0.1150
RF,Call,27.00,2026-09-18,2.9250
SNDK,Call,"1,535.00",2026-09-04,69.3000
MCD,Call,260.00,2026-09-04,4.2950
STLA,Call,6.00,2026-10-16,0.2000
LITE,Call,970.00,2026-09-04,10.2500
IONQ,Call,43.00,2026-09-04,0.3250
CVX,Put,200.00,2026-09-04,0.5100
AVAV,Put,145.00,2026-09-04,2.0500
IONQ,Put,39.50,2026-09-04,1.3650
TSLA,Put,360.00,2026-09-11,6.8000
CRM,Call,280.00,2026-09-04,0.2150
IREN,Call,36.50,2026-09-18,2.8600
CRWD,Call,265.00,2026-09-04,0.2500
Q,Put,105.00,2026-09-18,1.3000
SNDK,Put,"1,400.00",2026-09-11,17.2500
RKLB,Call,68.00,2026-09-04,0.5300
HAL,Call,37.50,2026-09-04,0.2950
TPR,Put,110.00,2026-09-18,0.2750
UBER,Call,78.00,2026-09-04,0.4200
IREN,Put,37.00,2026-09-11,1.8550
HOOD,Put,94.00,2026-09-04,0.1650
AMZN,Call,275.00,2026-10-09,4.5750
MSFT,Put,502.50,2026-09-02,1.9850
COIN,Call,182.50,2026-09-04,8.8750
BBAI,Call,4.00,2027-03-19,0.5400
NUAI,Call,5.00,2026-09-11,0.3750
AI,Put,10.50,2026-09-04,0.5550
GLW,Put,143.00,2026-09-04,1.5500
NBIS,Call,210.00,2026-09-25,15.4750
AMZN,Call,250.00,2026-09-02,10.0250
CRM,Put,257.50,2026-09-04,4.4500
FRO,Put,36.00,2026-10-16,0.8500
TEM,Call,62.00,2026-09-04,2.6600
GOOGL,Call,335.00,2026-09-02,5.3750
SKHY,Call,155.00,2027-06-17,43.1000
UBER,Call,77.00,2026-09-04,0.6900
ASST,Put,22.50,2026-09-04,0.4950
NOW,Call,148.00,2026-09-04,3.7750
CRM,Put,260.00,2026-11-20,19.0000
MRVL,Put,195.00,2026-09-04,0.9050
AMD,Put,445.00,2026-09-02,0.6900
IREN,Put,36.00,2026-09-11,1.4350
TSLA,Call,410.00,2026-09-04,0.4000
MU,Call,"1,110.00",2026-10-02,23.1000
MRVL,Put,185.00,2026-09-04,0.1850
MSFT,Put,505.00,2026-09-02,2.7500
AMD,Put,450.00,2026-09-02,1.1050
TTWO,Put,180.00,2026-10-16,1.0000
MU,Put,890.00,2026-09-02,0.6750
ARM,Call,300.00,2027-06-17,42.8000
CLSK,Call,11.50,2026-09-04,0.5200
TSLA,Call,377.50,2026-09-04,3.9000
GOOG,Call,335.00,2026-09-11,6.0250
SPCX,Call,146.00,2026-09-04,2.2550
RBLX,Call,40.50,2026-09-04,1.5950
SNDK,Call,"1,650.00",2026-09-04,22.2500
VLO,Put,340.00,2026-10-16,12.3000
CRWD,Call,237.50,2026-09-04,3.8500
SOFI,Call,17.50,2026-09-04,0.6050
APO,Call,170.00,2026-12-18,1.8750
CRDO,Put,135.00,2026-09-18,0.1000
BABA,Call,116.00,2026-09-04,1.2000
MDB,Put,440.00,2026-09-04,28.8500
FRMI,Call,6.50,2026-09-18,0.1000
CRM,Put,250.00,2026-09-18,5.1000
CEG,Call,292.50,2026-09-04,0.6250
FSLR,Call,220.00,2026-09-04,0.2600
IREN,Call,36.00,2026-09-11,2.5550
HIMS,Put,30.00,2026-09-25,2.2450
GS,Call,800.00,2026-09-18,226.8750
AMZN,Call,262.50,2026-09-04,2.1850
AMD,Put,420.00,2026-10-02,7.7000
PYPL,Call,55.00,2026-09-11,0.4200
ZVRA,Call,5.00,2026-12-18,6.9500
ECHO,Put,82.00,2026-09-04,0.3000
HOOD,Call,107.00,2026-09-04,2.0250
SEDG,Call,34.00,2026-09-04,0.4100
QUBT,Call,10.00,2026-09-25,0.1600
ZS,Call,240.00,2026-09-04,1.1150
SNDK,Call,"1,500.00",2026-09-04,92.4000
AMZN,Put,252.50,2026-09-02,0.3150
GS,Call,700.00,2026-09-18,327.3500
KLAC,Call,210.00,2026-11-20,8.5500
WFC,Put,86.00,2026-09-04,0.6950
HOOD,Put,95.00,2026-09-04,0.2350
CVX,Call,215.00,2026-09-04,0.2600
ARM,Call,250.00,2026-09-04,3.4750
CRM,Call,267.50,2026-09-04,1.4150
CRWV,Call,84.00,2026-09-04,3.0750
TSLA,Call,402.50,2026-09-02,0.1750
TSLA,Call,362.50,2026-09-11,13.5750
MU,Call,985.00,2026-09-02,4.7500
HOOD,Call,240.00,2026-12-18,0.6050
TSLA,Call,350.00,2026-09-02,18.5250
SPCX,Put,145.00,2026-09-04,3.9500
NOW,Call,152.50,2026-09-04,2.0050
INTC,Call,91.00,2026-09-02,0.9350
SNDK,Call,"1,610.00",2026-09-04,34.1000
MSFT,Call,522.50,2026-09-02,0.2500
SPCX,Put,131.00,2026-09-11,0.9250
CDNS,Put,300.00,2027-01-15,13.0500
MRNA,Call,142.00,2026-09-04,4.5500
FLEX,Call,120.00,2027-01-15,12.8500
MU,Call,935.00,2026-09-02,29.1000
MU,Call,930.00,2026-09-02,32.9250
AFRM,Call,75.00,2026-09-04,1.6100
TIGR,Call,5.00,2026-09-04,0.1350
AXTI,Call,65.00,2026-09-04,1.4750
AVAV,Put,140.00,2026-09-04,0.6000
IONQ,Call,42.00,2026-09-18,1.4500
BMNR,Put,23.00,2026-09-04,0.1450
CVNA,Put,72.00,2026-09-04,1.1300
BZ,Put,17.50,2026-09-18,0.6750
HOOD,Call,97.00,2026-09-04,8.4750
SPCX,Call,157.50,2026-09-04,0.2650
CVX,Put,202.50,2026-09-04,0.9400
MSFT,Call,535.00,2026-10-02,5.4250
SKHY,Put,143.00,2026-09-04,0.2000
PLTR,Put,182.50,2026-09-04,2.3150
NVDA,Call,225.00,2026-09-09,2.2800
BRK.B,Call,505.00,2026-09-25,7.3000
MU,Call,"1,050.00",2026-09-02,0.3850
RCAT,Call,8.50,2026-09-04,0.3700
PLTR,Call,192.50,2026-09-25,6.3000
TSLA,Put,355.00,2026-09-11,5.1250
LULU,Call,160.00,2026-09-04,0.1100
AMD,Call,487.50,2026-09-02,1.5350
INTC,Call,95.00,2026-09-09,1.0500
PCG,Put,15.50,2026-09-18,2.4200
TSLA,Put,260.00,2026-09-11,0.0850
SNDK,Call,"1,600.00",2026-09-04,39.5500
BSX,Call,50.00,2026-09-04,0.3000
TEM,Call,66.00,2026-09-04,0.9850
GOOGL,Call,350.00,2026-09-02,0.2900
AEO,Call,17.00,2026-09-18,1.1750
AMZN,Call,255.00,2026-09-02,5.8250
HPE,Call,53.50,2026-09-04,2.4900
QCOM,Call,177.50,2026-09-04,0.9100
MRNA,Put,150.00,2026-09-25,16.7250
AVGO,Call,490.00,2026-09-04,0.1350
CRWD,Call,257.50,2026-09-04,0.4400
DKS,Call,150.00,2027-01-15,8.8000
TSLA,Put,360.00,2026-09-25,11.6000
CVX,Call,207.50,2026-09-04,1.8250
TSLA,Call,377.50,2026-09-11,6.9000
CADL,Call,15.00,2026-10-16,0.7500
PCG,Put,11.00,2027-01-15,0.4200
USAR,Call,25.00,2026-10-16,0.5050
MP,Call,55.00,2026-10-16,5.0500
MCD,Call,270.00,2026-09-11,1.0100
BABA,Call,119.00,2026-09-04,0.5100
AMZN,Call,240.00,2026-09-04,20.6750
SNDK,Put,"1,470.00",2026-09-04,16.1000
W,Put,80.00,2027-01-15,4.8500
ZNTL,Put,5.00,2026-12-18,1.8000
RLAY,Call,17.00,2027-03-19,5.1500
POET,Put,7.00,2026-09-25,0.3800
NBIS,Put,80.00,2027-01-15,1.8950
CRCL,Call,101.00,2026-09-04,1.6850
CIFR,Put,16.50,2026-09-11,1.5450
IONQ,Call,41.50,2026-09-04,0.5550
PL,Call,21.00,2026-09-04,1.3500
AAPL,Put,317.50,2026-09-02,2.5400
GS,Call,845.00,2026-09-18,182.3250
NKE,Call,36.00,2026-09-04,3.0750
COIN,Call,197.50,2026-09-04,2.5400
AMGN,Put,395.00,2026-09-18,1.8950
NKE,Call,37.00,2026-09-11,2.1550
HOOD,Put,101.00,2026-09-04,1.2550
BMNR,Call,28.00,2026-09-11,0.5200
TSLA,Call,395.00,2026-09-04,1.0500
TIGR,Put,5.00,2026-09-25,0.2200
QCOM,Call,172.50,2026-09-04,2.1200
GOOGL,Call,347.50,2026-09-02,0.4800
WDC,Put,280.00,2026-09-18,0.1100
DHI,Put,135.00,2026-10-16,2.7250
CHYM,Call,37.50,2026-10-16,0.8500
TSLA,Put,330.00,2026-09-09,0.6800
SNDK,Call,"1,700.00",2026-09-04,12.1500
ASST,Call,23.50,2026-09-04,1.5800
WDC,Call,395.00,2026-10-02,66.7000
UPST,Call,31.00,2026-09-04,0.1350
TSLA,Call,370.00,2026-09-09,8.4250
CNC,Call,80.00,2027-03-19,4.2100
ROST,Put,240.00,2026-11-20,17.7000
TSLA,Call,390.00,2026-09-04,1.5150
TTWO,Put,240.00,2026-11-20,31.5000
WDC,Call,390.00,2026-10-02,71.0000
CIEN,Put,370.00,2026-09-04,16.6000
QXO,Call,22.00,2027-06-17,1.1000
META,Call,602.50,2026-09-02,0.3500
ADM,Put,77.50,2026-09-18,0.8500
DQ,Call,16.00,2026-10-16,0.2750
CRWV,Put,65.00,2026-09-11,0.0850
CSCO,Call,115.00,2026-09-04,0.1900
SPCX,Put,143.00,2026-09-11,4.3500
CBRS,Call,225.00,2026-09-04,0.4250
RGTI,Call,17.00,2026-09-04,0.1100
MU,Call,"1,000.00",2026-09-02,2.8650
CRWD,Put,200.00,2026-10-02,3.2450
AMZN,Call,325.00,2027-09-17,21.1250
CRDO,Put,205.00,2026-09-04,4.4000
NVDA,Put,217.50,2026-09-09,2.4850
ASTS,Call,59.00,2026-09-04,1.9150
META,Put,555.00,2026-09-02,0.9900
SNDK,Call,"1,450.00",2026-09-04,131.6000
MRVL,Call,215.00,2026-09-04,4.5250
SHLS,Put,6.00,2027-01-15,0.8250
MCD,Call,250.00,2026-09-18,14.2750
SHOP,Put,120.00,2026-10-16,1.1350
LCID,Call,4.50,2026-09-11,0.5550
TTD,Put,13.50,2026-09-18,0.5050
AAPL,Put,320.00,2026-09-02,4.1500
LYFT,Call,16.50,2026-09-04,0.5900
TSLA,Call,405.00,2026-09-02,0.1600
OKLO,Put,37.50,2026-09-04,0.2850
BG,Put,110.00,2026-09-18,0.9500
MSTR,Put,128.00,2026-09-04,2.2500
MSTR,Put,127.00,2026-09-04,1.9250
TSLA,Call,372.50,2026-09-18,11.7750
NU,Call,14.00,2026-09-04,0.6350
TSLA,Call,352.50,2026-09-02,15.9750
NVDA,Put,222.50,2026-09-18,6.8750
USAR,Put,18.00,2026-10-16,2.1400
AMZN,Call,260.00,2026-09-09,4.2500
TSLA,Call,390.00,2026-10-02,10.1500
AAL,Call,13.50,2026-09-04,0.2100
MRVL,Call,265.00,2026-10-09,3.7500
MDT,Call,100.00,2026-09-04,0.2250
LULU,Put,350.00,2026-12-18,229.7250
RDW,Put,7.00,2028-01-21,1.7500
MU,Put,870.00,2026-09-02,0.3100
PFE,Put,28.00,2026-11-20,1.1700
SPOT,Call,570.00,2026-09-04,1.7550
SLB,Call,59.00,2026-09-04,1.5700
TSLA,Call,400.00,2026-09-04,0.7250
AAPL,Call,317.50,2026-09-04,3.0950
MMED,Put,25.00,2026-12-18,5.9000
MMED,Call,25.00,2026-12-18,1.4250
BE,Call,205.00,2026-09-04,8.9250
TSLA,Call,367.50,2026-09-18,14.1250
B,Call,46.50,2026-09-04,0.4750
VLO,Put,300.00,2026-10-16,3.0250
TSLA,Put,340.00,2026-09-09,1.2200
LYFT,Call,17.00,2026-09-04,0.3000
MSFT,Call,525.00,2026-09-02,0.1650
ASTS,Call,57.00,2026-09-04,3.0700
MDB,Call,570.00,2026-09-18,9.6000
SNDK,Put,"1,430.00",2026-09-04,8.9000
APLD,Call,25.50,2026-09-04,0.7800
META,Put,557.50,2026-09-02,1.3250
SPCX,Call,157.50,2026-09-11,0.9700
HOOD,Call,92.00,2026-09-04,13.0500
SKHY,Put,120.00,2026-09-11,0.1750
TSLA,Call,420.00,2026-09-09,0.5500
MSFT,Put,497.50,2026-09-02,0.9150
AMZN,Call,270.00,2026-09-09,1.0650
MSTR,Call,129.00,2026-09-04,6.6000
AI,Call,11.00,2026-09-18,0.8100
UBER,Call,76.00,2026-09-04,1.0800
PLTR,Put,190.00,2026-09-04,5.9750
NOW,Call,149.00,2026-09-04,3.3500
CRM,Put,260.00,2026-09-04,5.8000
PURR,Put,10.50,2026-09-11,0.3000
MSTR,Put,131.00,2026-09-04,3.4500
CRWD,Call,242.50,2026-09-04,2.4800
MRNA,Call,165.00,2026-11-20,13.8000
GOOGL,Call,340.00,2026-09-04,3.6500
ASTS,Call,60.00,2026-09-11,2.4600
ASST,Call,25.00,2026-09-04,0.8250
FPS,Call,35.00,2026-09-18,0.8500
CCL,Put,23.50,2026-09-04,0.2050
CPNG,Call,16.50,2026-09-04,0.1650
TOST,Call,37.00,2026-09-11,0.1750
QBTS,Call,17.00,2026-09-04,0.6500
HOOD,Put,102.00,2026-09-04,1.6000
GPRO,Call,1.5000,2026-10-16,0.2250
ONDS,Call,8.50,2026-10-02,0.3400
AMD,Call,472.50,2026-09-02,5.6750
NVDA,Call,217.50,2026-09-11,6.4250
BKNG,Put,195.00,2026-11-20,10.5000
TSLA,Put,380.00,2026-09-04,15.2500
AAL,Call,15.00,2026-10-02,0.2100
ORCL,Call,149.00,2026-09-04,3.5750
TSLA,Call,362.50,2026-09-18,16.7250
QCOM,Call,175.00,2026-09-11,2.6600
ZVRA,Call,15.00,2027-12-17,1.4250
ADBE,Put,250.00,2026-09-11,1.1300
SNDK,Call,"1,800.00",2026-09-04,3.7500
MU,Call,950.00,2026-09-04,26.6750
LUNR,Call,15.50,2026-09-04,0.4800
IONQ,Call,42.50,2026-09-04,0.3850
USAR,Call,20.50,2026-09-11,0.2550
MSTR,Call,132.00,2026-09-18,8.7250
JD,Call,29.00,2026-10-16,1.0450
AMD,Put,452.50,2026-09-02,1.4600
META,Put,790.00,2026-09-18,217.2750
MSTR,Put,118.00,2026-09-04,0.3800
GOOGL,Call,357.50,2026-09-02,0.0950
TSLA,Call,380.00,2026-09-04,3.2500
MSFT,Call,520.00,2026-09-02,0.4700
NOW,Put,150.00,2026-09-04,4.7500
MU,Call,950.00,2026-09-09,33.3000
ADI,Call,240.00,2026-09-18,122.2000
ARM,Call,255.00,2026-09-04,2.3500
GOOG,Call,340.00,2026-09-25,7.5500
FCX,Call,82.00,2026-09-18,1.0000
MU,Call,950.00,2026-09-11,39.0500
GS,Put,740.00,2026-09-04,0.2000
TSLA,Call,510.00,2027-02-19,13.4000
NVDA,Put,225.00,2026-09-25,9.2500
LUNR,Call,16.50,2026-09-04,0.1650
RIOT,Put,17.50,2026-09-04,0.1600
BABA,Call,125.00,2026-10-02,2.2300
CBZ,Call,45.00,2027-04-16,10.5000
GLXY,Call,24.00,2026-09-04,1.3150
HAL,Call,37.00,2026-09-04,0.4550
LLY,Call,"1,620.00",2026-10-02,0.3350
PANW,Put,335.00,2026-09-04,2.4950
GPRO,Call,2.0000,2026-10-16,0.1500
MT,Call,85.00,2026-12-18,3.6500
BMNR,Call,25.50,2026-09-11,1.2650
BAC,Put,62.00,2026-09-18,1.2000
AAPL,Put,297.50,2026-09-11,0.6400
W,Put,75.00,2026-10-16,0.5550
FRMI,Call,6.00,2026-09-25,0.2250
TSLA,Call,370.00,2026-10-02,17.7000
OXY,Put,55.00,2027-02-19,2.8200
INTC,Call,93.00,2026-09-11,2.0100
INTC,Call,190.00,2027-12-17,7.6000
TMUS,Call,182.50,2026-09-04,1.3250
BTDR,Put,8.00,2027-03-19,1.5000
MRVL,Put,187.50,2026-09-04,0.2750
COIN,Put,180.00,2026-09-11,4.4250
VG,Call,16.50,2026-09-18,0.2000
AAL,Call,15.50,2026-10-02,0.1350
META,Put,555.00,2026-09-04,2.6650
FIGR,Call,45.00,2026-10-16,1.6000
NVDA,Put,215.00,2026-09-09,1.7850
LWLG,Call,8.00,2027-01-15,0.6000
GM,Call,95.00,2026-10-16,1.0650
NBIS,Put,195.00,2026-09-25,10.3750
RKLB,Call,55.00,2026-10-16,11.9750
BTG,Put,5.00,2026-09-18,0.0750
CAR,Call,155.00,2026-09-18,3.6000
META,Call,597.50,2026-09-04,1.8900
MU,Put,865.00,2026-09-04,1.2900
SPCX,Put,142.00,2026-09-11,3.9000
ORCL,Put,148.00,2026-09-18,9.3250
AAOI,Call,200.00,2028-01-21,32.7500
DELL,Call,630.00,2026-09-04,0.1850
MDT,Call,102.00,2026-09-04,0.0950
CRDO,Put,195.00,2026-09-04,2.2250
NVO,Put,45.00,2026-09-25,1.3450
DPRO,Call,5.00,2026-10-16,1.0500
APO,Call,140.00,2026-09-04,1.1500
GTLB,Call,50.00,2026-09-04,2.2250
GOOGL,Put,325.00,2026-09-02,0.1100
META,Call,580.00,2026-09-02,3.0650
ASTS,Call,64.00,2026-09-11,1.1550
UBER,Put,75.00,2026-09-04,0.8750
NOW,Call,160.00,2026-09-04,0.5800
SNAP,Put,6.00,2026-09-04,0.3950
SPCX,Call,143.00,2026-09-11,5.2000
MU,Call,940.00,2026-09-04,32.0750
CMCSA,Put,25.00,2027-03-19,1.9000
AMZN,Put,252.50,2026-09-11,2.1500
DINO,Call,100.00,2026-12-18,12.0000
CVX,Put,205.00,2026-09-04,1.7300
TSLA,Call,367.50,2026-09-11,11.0000
SNDK,Put,"1,460.00",2026-09-04,13.9500
CXW,Call,34.00,2026-11-20,2.7250
AMD,Put,425.00,2026-09-18,4.4500
PL,Call,20.00,2026-09-04,1.7250
COIN,Call,215.00,2026-09-18,3.2500
PLTR,Put,172.50,2026-09-25,3.4750
UBER,Put,74.00,2026-09-04,0.5300
NVDA,Put,210.00,2026-09-02,0.1350
TSLA,Put,340.00,2026-09-04,0.6250
RIVN,Put,14.50,2026-09-18,0.1900
DPRO,Call,6.00,2027-01-15,1.0750
TSLA,Call,392.50,2026-09-04,1.2300
ASST,Call,28.00,2026-09-04,0.2100
MRVL,Call,217.50,2026-09-04,3.6500
QBTS,Call,55.00,2028-01-21,2.3750
MRVL,Call,210.00,2026-09-04,6.8750
TSLA,Call,700.00,2027-02-19,3.5000
META,Call,620.00,2026-09-02,0.1250
DELL,Put,340.00,2026-09-04,0.2450
FRVO,Call,17.50,2026-09-18,0.6000
COIN,Put,150.00,2027-05-21,21.9750
HUT,Call,85.00,2026-09-18,4.2500
PCT,Call,6.50,2026-09-04,0.2250
SNDK,Call,"1,550.00",2026-09-11,86.4500
NOW,Put,130.00,2026-09-11,0.5050
BKNG,Call,210.00,2026-11-20,9.4000
BMNR,Put,23.50,2026-09-04,0.2250
TSLA,Call,385.00,2026-09-09,3.7250
TEM,Put,64.00,2026-09-04,2.8250
NKE,Call,37.00,2026-09-04,2.0300
NVDA,Put,222.50,2026-09-11,5.4750
CRWD,Put,215.00,2026-09-18,4.4250
CRWV,Call,87.00,2026-09-04,1.7250
NOW,Call,147.00,2026-09-04,4.3500
UBER,Call,77.00,2026-09-11,1.2100
UBER,Put,74.00,2026-09-11,0.9900
NBIS,Call,210.00,2026-10-02,18.1500
BABA,Put,114.00,2026-09-04,1.8300
AMD,Call,482.50,2026-09-02,2.4750
SPCX,Call,143.00,2026-09-25,7.8750
AAPL,Call,322.50,2026-09-11,3.3000
CRM,Call,265.00,2026-09-04,1.9600
FCEL,Put,16.00,2026-09-04,0.5000
INTC,Put,88.00,2026-09-02,0.8250
BA,Call,215.00,2026-09-25,3.9250
WULF,Call,15.50,2026-09-04,0.3750
DINO,Put,95.00,2026-09-18,1.8250
HOOD,Call,101.00,2026-09-04,5.1250
SMCI,Call,37.50,2026-09-04,1.1350
GPRO,Call,1.0000,2026-10-16,0.2750
META,Call,605.00,2026-09-04,1.1300
ONDS,Put,7.50,2026-09-04,0.1450
PATH,Call,18.00,2026-10-16,2.4500
META,Put,575.00,2026-09-02,7.4000
KO,Put,89.00,2026-09-04,0.7750
META,Put,560.00,2026-09-02,1.6750
SOFI,Put,5.00,2027-09-17,0.1000
CRWD,Call,247.50,2026-09-04,1.5500
CRWV,Call,91.00,2026-09-04,0.7050
MSFT,Put,510.00,2026-09-02,5.5000
ORCL,Put,142.00,2026-09-04,0.8950
AAPL,Call,315.00,2026-09-04,4.3000
MRNA,Put,140.00,2026-09-04,4.6250
ASTS,Call,62.00,2026-09-04,0.8200
TSLA,Call,345.00,2026-09-02,23.0500
PYPL,Put,67.50,2028-12-15,18.5250
TSLA,Put,305.00,2026-09-04,0.1350
PLTR,Call,200.00,2026-09-04,0.4950
CLF,Call,12.50,2026-09-25,0.3750
UNH,Call,400.00,2026-09-04,1.2600
AMGN,Put,410.00,2026-09-04,0.9900
TSLA,Put,337.50,2026-09-02,0.1650
TSLA,Call,445.00,2026-09-04,0.1050
PCG,Put,13.00,2026-10-16,0.7150
NVDA,Call,215.00,2026-09-02,5.8500
NBIS,Call,235.00,2026-09-04,0.8500
ANET,Call,200.00,2026-09-11,4.3250
GLAS,Call,10.00,2027-02-19,1.8750
CRML,Call,10.00,2026-10-16,0.3250
RZLV,Call,3.50,2027-02-19,0.5000
MRVL,Call,230.00,2026-10-02,8.0750
MU,Call,940.00,2026-09-11,44.9000
CRCL,Call,105.00,2026-09-04,0.9500
WMT,Call,106.00,2026-09-04,0.5700
BABA,Put,113.00,2026-09-11,2.3250
QCOM,Call,180.00,2026-09-25,3.6750
CPNG,Put,16.00,2026-09-04,0.2850
TMUS,Put,182.50,2026-09-04,2.9500
AMD,Call,485.00,2026-09-02,1.9350
SHOP,Call,150.00,2026-09-04,1.8400
PURR,Call,12.50,2026-09-04,0.7000
CRWD,Call,227.50,2026-09-04,8.2750
GOOGL,Put,335.00,2026-09-04,2.0800
DELL,Put,440.00,2026-09-04,15.4500
AMD,Put,250.00,2028-06-16,22.7750
HIMS,Put,29.50,2026-09-04,0.8800
BABA,Call,115.00,2026-09-04,1.5550
CRCL,Put,92.00,2026-09-04,2.0150
CVX,Call,212.50,2026-09-04,0.5100
MU,Call,960.00,2026-09-04,21.3750
GOOG,Call,342.50,2026-09-04,1.4500
WOLF,Call,26.00,2026-09-04,2.0200
FIG,Put,27.00,2026-09-04,0.5600
RBLX,Call,43.00,2026-09-04,0.5100
LNG,Call,280.00,2026-09-04,13.6000
HAL,Call,42.00,2027-03-19,2.2300
GOOG,Put,327.50,2026-09-04,1.1250
NBIS,Call,210.00,2026-09-04,5.7500
HOOD,Call,104.00,2026-09-04,3.3000
AAPL,Put,307.50,2026-09-04,0.5350
MSTR,Call,135.00,2026-09-11,5.5750
STNG,Put,70.00,2026-09-18,0.2500
BURL,Call,285.00,2026-09-04,0.4750
GOOGL,Call,352.50,2026-09-02,0.1900
META,Put,550.00,2026-09-02,0.4450
TSLA,Call,355.00,2026-09-11,18.4000
C,Call,132.00,2026-09-04,1.3450
TSSI,Call,10.00,2026-10-16,0.4000
PL,Put,16.00,2026-09-04,0.2500
QBTS,Call,17.50,2026-09-04,0.4050
KLAC,Put,154.00,2026-09-18,1.3500
ANVS,Put,2.0000,2026-09-04,0.1750
AMD,Put,425.00,2026-09-11,2.0800
MU,Call,"1,040.00",2026-09-04,2.5100
TSLA,Call,360.00,2026-09-09,13.7500
NWL,Put,6.00,2026-09-18,0.1750
AAPL,Put,312.50,2026-09-04,1.4900
MU,Put,850.00,2026-09-02,0.1600
GIS,Call,42.50,2028-01-21,5.4500
WMT,Put,104.00,2026-09-11,1.0750
CRWV,Call,95.00,2027-02-19,14.3000
ETN,Call,450.00,2026-10-16,6.1000
ORCL,Put,144.00,2026-09-04,1.3650
SHEL,Call,93.00,2026-09-04,0.4000
CRM,Put,255.00,2026-09-04,3.3000
WMT,Put,104.00,2026-09-04,0.6050
PYPL,Call,67.50,2028-12-15,8.0250
SPCX,Put,139.00,2026-09-04,1.4250
MSTR,Put,90.00,2026-10-02,0.6400
V,Put,285.00,2026-10-02,0.0750
TSLA,Put,385.00,2026-09-04,19.1250
GS,Call,920.00,2026-09-18,107.2500
S,Call,23.00,2026-09-18,0.6750
GOOG,Call,340.00,2026-09-04,2.0950
TSLA,Call,520.00,2027-02-19,12.2000
NBIS,Put,120.00,2026-09-25,0.2500
AMD,Put,442.50,2026-09-02,0.5350
CAG,Call,16.50,2026-09-25,0.2250
F,Put,15.00,2026-09-25,1.1400
NOW,Call,157.50,2026-09-04,0.8900
WDC,Call,550.00,2027-01-15,45.5000
MDB,Call,545.00,2026-09-04,8.3500
ORCL,Put,149.00,2026-09-04,3.3250
DK,Call,75.00,2026-10-16,7.0000
PATH,Call,30.00,2027-06-17,2.0900
WMT,Put,125.00,2026-09-18,20.2750
META,Put,540.00,2026-09-02,0.1650
MRNA,Call,165.00,2026-09-04,0.4400
AVGO,Call,480.00,2026-09-04,0.1750
ADI,Call,230.00,2026-09-18,132.3000
CRWD,Put,230.00,2026-09-04,5.9750
TSLA,Call,430.00,2026-09-04,0.1750
CRM,Call,260.00,2026-11-20,18.8000
OUST,Call,37.00,2026-09-04,0.5500
DKNG,Put,22.50,2026-10-16,0.8950
PLTR,Put,170.00,2026-09-25,2.9250
GOOGL,Put,337.50,2026-09-04,3.2450
CRWV,Call,88.00,2026-09-04,1.3850
APLD,Call,34.00,2026-10-09,0.6150
NVDA,Call,225.00,2026-10-02,6.4500
PM,Put,160.00,2026-10-16,0.6250
CRWD,Call,240.00,2026-09-11,5.1750
CVX,Call,220.00,2026-09-25,1.2950
MU,Call,990.00,2026-09-04,10.3750
AFRM,Put,70.00,2026-09-04,0.3850
TSLA,Put,342.50,2026-09-02,0.2400
PURR,Call,12.00,2026-09-04,0.9000
NFLX,Put,105.00,2026-09-18,23.8500
MDT,Call,91.00,2026-10-02,2.4550
LUV,Put,37.50,2027-03-19,3.8750
TSLA,Call,410.00,2026-09-02,0.1150
SNDK,Put,"1,400.00",2026-09-04,5.4500
GOOG,Put,320.00,2026-09-04,0.3000
KOPN,Call,0.50,2026-10-09,4.1000
